{
  "alpha": 2.940287609590383,
  "beta_A": 1.4947661374808845,
  "beta_D": -2.1726482941873906
}